GEO_ID,NAME,estimated_population
0500000US01003,"Baldwin County, Alabama",239294
0500000US01015,"Calhoun County, Alabama",115972
0500000US01043,"Cullman County, Alabama",89496
0500000US01049,"DeKalb County, Alabama",71813
0500000US01051,"Elmore County, Alabama",89304
0500000US01055,"Etowah County, Alabama",103162
0500000US01069,"Houston County, Alabama",107458
0500000US01073,"Jefferson County, Alabama",667820
0500000US01077,"Lauderdale County, Alabama",94043
0500000US01081,"Lee County, Alabama",177218
0500000US01083,"Limestone County, Alabama",107517
0500000US01089,"Madison County, Alabama",395211
0500000US01095,"Marshall County, Alabama",98228
0500000US01097,"Mobile County, Alabama",413073
0500000US01101,"Montgomery County, Alabama",227434
0500000US01103,"Morgan County, Alabama",123668
0500000US01115,"St. Clair County, Alabama",92748
0500000US01117,"Shelby County, Alabama",226902
0500000US01121,"Talladega County, Alabama",81524
0500000US01125,"Tuscaloosa County, Alabama",227007
0500000US02020,"Anchorage Municipality, Alaska",288121
0500000US02090,"Fairbanks North Star Borough, Alaska",95593
0500000US02170,"Matanuska-Susitna Borough, Alaska",110686
0500000US04001,"Apache County, Arizona",65623
0500000US04003,"Cochise County, Arizona",126050
0500000US04005,"Coconino County, Arizona",145052
0500000US04013,"Maricopa County, Arizona",4496588
0500000US04015,"Mohave County, Arizona",217692
0500000US04017,"Navajo County, Arizona",108147
0500000US04019,"Pima County, Arizona",1052030
0500000US04021,"Pinal County, Arizona",449557
0500000US04025,"Yavapai County, Arizona",242253
0500000US04027,"Yuma County, Arizona",206990
0500000US05007,"Benton County, Arkansas",293692
0500000US05031,"Craighead County, Arkansas",112218
0500000US05045,"Faulkner County, Arkansas",125106
0500000US05051,"Garland County, Arkansas",100330
0500000US05069,"Jefferson County, Arkansas",65861
0500000US05085,"Lonoke County, Arkansas",74722
0500000US05119,"Pulaski County, Arkansas",397821
0500000US05125,"Saline County, Arkansas",125233
0500000US05131,"Sebastian County, Arkansas",128400
0500000US05143,"Washington County, Arkansas",250057
0500000US05145,"White County, Arkansas",77207
0500000US06001,"Alameda County, California",1648556
0500000US06007,"Butte County, California",208309
0500000US06013,"Contra Costa County, California",1161413
0500000US06017,"El Dorado County, California",193221
0500000US06019,"Fresno County, California",1013581
0500000US06023,"Humboldt County, California",136310
0500000US06025,"Imperial County, California",179851
0500000US06029,"Kern County, California",917673
0500000US06031,"Kings County, California",153443
0500000US06033,"Lake County, California",68766
0500000US06037,"Los Angeles County, California",9829544
0500000US06039,"Madera County, California",159410
0500000US06041,"Marin County, California",260206
0500000US06045,"Mendocino County, California",91305
0500000US06047,"Merced County, California",286461
0500000US06053,"Monterey County, California",437325
0500000US06055,"Napa County, California",136207
0500000US06057,"Nevada County, California",103487
0500000US06059,"Orange County, California",3167809
0500000US06061,"Placer County, California",412300
0500000US06065,"Riverside County, California",2458395
0500000US06067,"Sacramento County, California",1588921
0500000US06069,"San Benito County, California",66677
0500000US06071,"San Bernardino County, California",2194710
0500000US06073,"San Diego County, California",3286069
0500000US06075,"San Francisco County, California",815201
0500000US06077,"San Joaquin County, California",789410
0500000US06079,"San Luis Obispo County, California",283159
0500000US06081,"San Mateo County, California",737888
0500000US06083,"Santa Barbara County, California",446475
0500000US06085,"Santa Clara County, California",1885508
0500000US06087,"Santa Cruz County, California",267792
0500000US06089,"Shasta County, California",182139
0500000US06095,"Solano County, California",451716
0500000US06097,"Sonoma County, California",485887
0500000US06099,"Stanislaus County, California",552999
0500000US06101,"Sutter County, California",99063
0500000US06103,"Tehama County, California",65498
0500000US06107,"Tulare County, California",477054
0500000US06111,"Ventura County, California",839784
0500000US06113,"Yolo County, California",216986
0500000US06115,"Yuba County, California",83421
0500000US08001,"Adams County, Colorado",522140
0500000US08005,"Arapahoe County, Colorado",654900
0500000US08013,"Boulder County, Colorado",329543
0500000US08014,"Broomfield County, Colorado",75325
0500000US08031,"Denver County, Colorado",711463
0500000US08035,"Douglas County, Colorado",368990
0500000US08041,"El Paso County, Colorado",737867
0500000US08059,"Jefferson County, Colorado",579581
0500000US08069,"Larimer County, Colorado",362533
0500000US08077,"Mesa County, Colorado",157335
0500000US08101,"Pueblo County, Colorado",169622
0500000US08123,"Weld County, Colorado",340036
0500000US09001,"Fairfield County, Connecticut",959768
0500000US09003,"Hartford County, Connecticut",896854
0500000US09005,"Litchfield County, Connecticut",185000
0500000US09007,"Middlesex County, Connecticut",164759
0500000US09009,"New Haven County, Connecticut",863700
0500000US09011,"New London County, Connecticut",268805
0500000US09013,"Tolland County, Connecticut",150293
0500000US09015,"Windham County, Connecticut",116418
0500000US10001,"Kent County, Delaware",184149
0500000US10003,"New Castle County, Delaware",571708
0500000US10005,"Sussex County, Delaware",247527
0500000US11001,"District of Columbia, District of Columbia",670050
0500000US12001,"Alachua County, Florida",279238
0500000US12005,"Bay County, Florida",179168
0500000US12009,"Brevard County, Florida",616628
0500000US12011,"Broward County, Florida",1930983
0500000US12015,"Charlotte County, Florida",194843
0500000US12017,"Citrus County, Florida",158083
0500000US12019,"Clay County, Florida",222361
0500000US12021,"Collier County, Florida",385980
0500000US12023,"Columbia County, Florida",70385
0500000US12031,"Duval County, Florida",999935
0500000US12033,"Escambia County, Florida",322390
0500000US12035,"Flagler County, Florida",120932
0500000US12053,"Hernando County, Florida",200638
0500000US12055,"Highlands County, Florida",103296
0500000US12057,"Hillsborough County, Florida",1478194
0500000US12061,"Indian River County, Florida",163662
0500000US12069,"Lake County, Florida",395804
0500000US12071,"Lee County, Florida",787976
0500000US12073,"Leon County, Florida",292817
0500000US12081,"Manatee County, Florida",412703
0500000US12083,"Marion County, Florida",385915
0500000US12085,"Martin County, Florida",159942
0500000US12086,"Miami-Dade County, Florida",2662777
0500000US12087,"Monroe County, Florida",82170
0500000US12089,"Nassau County, Florida",94189
0500000US12091,"Okaloosa County, Florida",213255
0500000US12095,"Orange County, Florida",1422746
0500000US12097,"Osceola County, Florida",403282
0500000US12099,"Palm Beach County, Florida",1497987
0500000US12101,"Pasco County, Florida",584067
0500000US12103,"Pinellas County, Florida",956615
0500000US12105,"Polk County, Florida",753520
0500000US12107,"Putnam County, Florida",74167
0500000US12109,"St. Johns County, Florida",292466
0500000US12111,"St. Lucie County, Florida",343579
0500000US12113,"Santa Rosa County, Florida",193998
0500000US12115,"Sarasota County, Florida",447057
0500000US12117,"Seminole County, Florida",470093
0500000US12119,"Sumter County, Florida",135638
0500000US12127,"Volusia County, Florida",564412
0500000US12131,"Walton County, Florida",80069
0500000US13013,"Barrow County, Georgia",86658
0500000US13015,"Bartow County, Georgia",110843
0500000US13021,"Bibb County, Georgia",156762
0500000US13031,"Bulloch County, Georgia",82442
0500000US13045,"Carroll County, Georgia",121968
0500000US13047,"Catoosa County, Georgia",68397
0500000US13051,"Chatham County, Georgia",296329
0500000US13057,"Cherokee County, Georgia",274615
0500000US13059,"Clarke County, Georgia",128711
0500000US13063,"Clayton County, Georgia",297100
0500000US13067,"Cobb County, Georgia",766802
0500000US13073,"Columbia County, Georgia",159639
0500000US13077,"Coweta County, Georgia",149956
0500000US13089,"DeKalb County, Georgia",757718
0500000US13095,"Dougherty County, Georgia",84844
0500000US13097,"Douglas County, Georgia",145814
0500000US13103,"Effingham County, Georgia",66741
0500000US13113,"Fayette County, Georgia",120574
0500000US13115,"Floyd County, Georgia",98771
0500000US13117,"Forsyth County, Georgia",260206
0500000US13121,"Fulton County, Georgia",1065334
0500000US13127,"Glynn County, Georgia",84739
0500000US13135,"Gwinnett County, Georgia",964546
0500000US13139,"Hall County, Georgia",207369
0500000US13151,"Henry County, Georgia",245235
0500000US13153,"Houston County, Georgia",166829
0500000US13157,"Jackson County, Georgia",80286
0500000US13179,"Liberty County, Georgia",65711
0500000US13185,"Lowndes County, Georgia",119276
0500000US13215,"Muscogee County, Georgia",205617
0500000US13217,"Newton County, Georgia",115355
0500000US13223,"Paulding County, Georgia",173780
0500000US13245,"Richmond County, Georgia",205673
0500000US13247,"Rockdale County, Georgia",94082
0500000US13255,"Spalding County, Georgia",67909
0500000US13285,"Troup County, Georgia",69720
0500000US13295,"Walker County, Georgia",68510
0500000US13297,"Walton County, Georgia",99853
0500000US13313,"Whitfield County, Georgia",102848
0500000US15001,"Hawaii County, Hawaii",202906
0500000US15003,"Honolulu County, Hawaii",1000890
0500000US15007,"Kauai County, Hawaii",73454
0500000US15009,"Maui County, Hawaii",164268
0500000US16001,"Ada County, Idaho",511931
0500000US16005,"Bannock County, Idaho",88263
0500000US16019,"Bonneville County, Idaho",127930
0500000US16027,"Canyon County, Idaho",243115
0500000US16055,"Kootenai County, Idaho",179789
0500000US16083,"Twin Falls County, Idaho",92243
0500000US17019,"Champaign County, Illinois",205943
0500000US17031,"Cook County, Illinois",5173146
0500000US17037,"DeKalb County, Illinois",100414
0500000US17043,"DuPage County, Illinois",924885
0500000US17089,"Kane County, Illinois",515588
0500000US17091,"Kankakee County, Illinois",106601
0500000US17093,"Kendall County, Illinois",134867
0500000US17097,"Lake County, Illinois",711239
0500000US17099,"LaSalle County, Illinois",108965
0500000US17111,"McHenry County, Illinois",311122
0500000US17113,"McLean County, Illinois",170889
0500000US17115,"Macon County, Illinois",102432
0500000US17119,"Madison County, Illinois",264490
0500000US17143,"Peoria County, Illinois",179432
0500000US17161,"Rock Island County, Illinois",142909
0500000US17163,"St. Clair County, Illinois",254796
0500000US17167,"Sangamon County, Illinois",194734
0500000US17179,"Tazewell County, Illinois",130413
0500000US17183,"Vermilion County, Illinois",73095
0500000US17197,"Will County, Illinois",697252
0500000US17199,"Williamson County, Illinois",66879
0500000US17201,"Winnebago County, Illinois",283119
0500000US18003,"Allen County, Indiana",388608
0500000US18005,"Bartholomew County, Indiana",82475
0500000US18011,"Boone County, Indiana",73052
0500000US18019,"Clark County, Indiana",122738
0500000US18035,"Delaware County, Indiana",111871
0500000US18039,"Elkhart County, Indiana",206921
0500000US18043,"Floyd County, Indiana",80454
0500000US18053,"Grant County, Indiana",66263
0500000US18057,"Hamilton County, Indiana",356650
0500000US18059,"Hancock County, Indiana",81789
0500000US18063,"Hendricks County, Indiana",179355
0500000US18067,"Howard County, Indiana",83687
0500000US18081,"Johnson County, Indiana",164298
0500000US18085,"Kosciusko County, Indiana",80106
0500000US18089,"Lake County, Indiana",498558
0500000US18091,"LaPorte County, Indiana",112390
0500000US18095,"Madison County, Indiana",130782
0500000US18097,"Marion County, Indiana",971102
0500000US18105,"Monroe County, Indiana",139875
0500000US18109,"Morgan County, Indiana",72206
0500000US18127,"Porter County, Indiana",174243
0500000US18141,"St. Joseph County, Indiana",272212
0500000US18157,"Tippecanoe County, Indiana",187076
0500000US18163,"Vanderburgh County, Indiana",179987
0500000US18167,"Vigo County, Indiana",105994
0500000US18177,"Wayne County, Indiana",66456
0500000US19013,"Black Hawk County, Iowa",130368
0500000US19049,"Dallas County, Iowa",103796
0500000US19061,"Dubuque County, Iowa",98718
0500000US19103,"Johnson County, Iowa",154748
0500000US19113,"Linn County, Iowa",228939
0500000US19153,"Polk County, Iowa",496844
0500000US19155,"Pottawattamie County, Iowa",93304
0500000US19163,"Scott County, Iowa",174170
0500000US19169,"Story County, Iowa",99472
0500000US19193,"Woodbury County, Iowa",105607
0500000US20015,"Butler County, Kansas",67889
0500000US20045,"Douglas County, Kansas",119363
0500000US20091,"Johnson County, Kansas",613219
0500000US20103,"Leavenworth County, Kansas",82184
0500000US20161,"Riley County, Kansas",72208
0500000US20173,"Sedgwick County, Kansas",523828
0500000US20177,"Shawnee County, Kansas",178264
0500000US20209,"Wyandotte County, Kansas",167046
0500000US21015,"Boone County, Kentucky",137412
0500000US21029,"Bullitt County, Kentucky",82918
0500000US21037,"Campbell County, Kentucky",93050
0500000US21047,"Christian County, Kentucky",72357
0500000US21059,"Daviess County, Kentucky",103063
0500000US21067,"Fayette County, Kentucky",321793
0500000US21093,"Hardin County, Kentucky",111607
0500000US21111,"Jefferson County, Kentucky",777874
0500000US21117,"Kenton County, Kentucky",169495
0500000US21145,"McCracken County, Kentucky",67454
0500000US21151,"Madison County, Kentucky",94666
0500000US21185,"Oldham County, Kentucky",68685
0500000US21199,"Pulaski County, Kentucky",65423
0500000US21227,"Warren County, Kentucky",137212
0500000US22005,"Ascension Parish, Louisiana",128369
0500000US22015,"Bossier Parish, Louisiana",129144
0500000US22017,"Caddo Parish, Louisiana",233092
0500000US22019,"Calcasieu Parish, Louisiana",205282
0500000US22033,"East Baton Rouge Parish, Louisiana",453301
0500000US22045,"Iberia Parish, Louisiana",68975
0500000US22051,"Jefferson Parish, Louisiana",433688
0500000US22055,"Lafayette Parish, Louisiana",244205
0500000US22057,"Lafourche Parish, Louisiana",97504
0500000US22063,"Livingston Parish, Louisiana",145830
0500000US22071,"Orleans Parish, Louisiana",376971
0500000US22073,"Ouachita Parish, Louisiana",158768
0500000US22079,"Rapides Parish, Louisiana",128654
0500000US22097,"St. Landry Parish, Louisiana",82071
0500000US22103,"St. Tammany Parish, Louisiana",269388
0500000US22105,"Tangipahoa Parish, Louisiana",135217
0500000US22109,"Terrebonne Parish, Louisiana",108708
0500000US23001,"Androscoggin County, Maine",111034
0500000US23003,"Aroostook County, Maine",66859
0500000US23005,"Cumberland County, Maine",305231
0500000US23011,"Kennebec County, Maine",124486
0500000US23019,"Penobscot County, Maine",152765
0500000US23031,"York County, Maine",214591
0500000US24001,"Allegany County, Maryland",67729
0500000US24003,"Anne Arundel County, Maryland",590336
0500000US24005,"Baltimore County, Maryland",849316
0500000US24009,"Calvert County, Maryland",93928
0500000US24013,"Carroll County, Maryland",173873
0500000US24015,"Cecil County, Maryland",103905
0500000US24017,"Charles County, Maryland",168698
0500000US24021,"Frederick County, Maryland",279835
0500000US24025,"Harford County, Maryland",262977
0500000US24027,"Howard County, Maryland",334529
0500000US24031,"Montgomery County, Maryland",1054827
0500000US24033,"Prince George's County, Maryland",955306
0500000US24037,"St. Mary's County, Maryland",114468
0500000US24043,"Washington County, Maryland",154937
0500000US24045,"Wicomico County, Maryland",103980
0500000US24510,"Baltimore city, Maryland",576498
0500000US25001,"Barnstable County, Massachusetts",232411
0500000US25003,"Berkshire County, Massachusetts",128657
0500000US25005,"Bristol County, Massachusetts",580164
0500000US25009,"Essex County, Massachusetts",807074
0500000US25011,"Franklin County, Massachusetts",71015
0500000US25013,"Hampden County, Massachusetts",462718
0500000US25015,"Hampshire County, Massachusetts",161572
0500000US25017,"Middlesex County, Massachusetts",1614742
0500000US25021,"Norfolk County, Massachusetts",724505
0500000US25023,"Plymouth County, Massachusetts",533003
0500000US25025,"Suffolk County, Massachusetts",771245
0500000US25027,"Worcester County, Massachusetts",862029
0500000US26005,"Allegan County, Michigan",120950
0500000US26017,"Bay County, Michigan",102985
0500000US26021,"Berrien County, Michigan",153101
0500000US26025,"Calhoun County, Michigan",133819
0500000US26037,"Clinton County, Michigan",79426
0500000US26045,"Eaton County, Michigan",108944
0500000US26049,"Genesee County, Michigan",404208
0500000US26055,"Grand Traverse County, Michigan",95860
0500000US26065,"Ingham County, Michigan",284034
0500000US26067,"Ionia County, Michigan",67197
0500000US26075,"Jackson County, Michigan",160050
0500000US26077,"Kalamazoo County, Michigan",261108
0500000US26081,"Kent County, Michigan",658046
0500000US26087,"Lapeer County, Michigan",88513
0500000US26091,"Lenawee County, Michigan",98956
0500000US26093,"Livingston County, Michigan",195014
0500000US26099,"Macomb County, Michigan",876792
0500000US26103,"Marquette County, Michigan",66103
0500000US26111,"Midland County, Michigan",83457
0500000US26115,"Monroe County, Michigan",155274
0500000US26117,"Montcalm County, Michigan",67220
0500000US26121,"Muskegon County, Michigan",176511
0500000US26125,"Oakland County, Michigan",1270017
0500000US26139,"Ottawa County, Michigan",299157
0500000US26145,"Saginaw County, Michigan",189591
0500000US26147,"St. Clair County, Michigan",160053
0500000US26155,"Shiawassee County, Michigan",67877
0500000US26159,"Van Buren County, Michigan",75658
0500000US26161,"Washtenaw County, Michigan",369390
0500000US26163,"Wayne County, Michigan",1774816
0500000US27003,"Anoka County, Minnesota",367018
0500000US27013,"Blue Earth County, Minnesota",69280
0500000US27019,"Carver County, Minnesota",108626
0500000US27027,"Clay County, Minnesota",65574
0500000US27035,"Crow Wing County, Minnesota",67270
0500000US27037,"Dakota County, Minnesota",442038
0500000US27053,"Hennepin County, Minnesota",1267416
0500000US27109,"Olmsted County, Minnesota",163436
0500000US27123,"Ramsey County, Minnesota",543257
0500000US27131,"Rice County, Minnesota",67262
0500000US27137,"St. Louis County, Minnesota",199182
0500000US27139,"Scott County, Minnesota",153268
0500000US27141,"Sherburne County, Minnesota",99074
0500000US27145,"Stearns County, Minnesota",158947
0500000US27163,"Washington County, Minnesota",272256
0500000US27171,"Wright County, Minnesota",144845
0500000US28033,"DeSoto County, Mississippi",188633
0500000US28035,"Forrest County, Mississippi",77875
0500000US28047,"Harrison County, Mississippi",209396
0500000US28049,"Hinds County, Mississippi",222679
0500000US28059,"Jackson County, Mississippi",143987
0500000US28067,"Jones County, Mississippi",66744
0500000US28073,"Lamar County, Mississippi",65353
0500000US28075,"Lauderdale County, Mississippi",72088
0500000US28081,"Lee County, Mississippi",82883
0500000US28089,"Madison County, Mississippi",109813
0500000US28121,"Rankin County, Mississippi",158096
0500000US29019,"Boone County, Missouri",185840
0500000US29021,"Buchanan County, Missouri",83853
0500000US29031,"Cape Girardeau County, Missouri",82113
0500000US29037,"Cass County, Missouri",109638
0500000US29043,"Christian County, Missouri",91499
0500000US29047,"Clay County, Missouri",255518
0500000US29051,"Cole County, Missouri",77205
0500000US29071,"Franklin County, Missouri",105231
0500000US29077,"Greene County, Missouri",300865
0500000US29095,"Jackson County, Missouri",716862
0500000US29097,"Jasper County, Missouri",123155
0500000US29099,"Jefferson County, Missouri",227771
0500000US29165,"Platte County, Missouri",108569
0500000US29183,"St. Charles County, Missouri",409981
0500000US29187,"St. Francois County, Missouri",67541
0500000US29189,"St. Louis County, Missouri",997187
0500000US29510,"St. Louis city, Missouri",293310
0500000US30013,"Cascade County, Montana",84511
0500000US30029,"Flathead County, Montana",108454
0500000US30031,"Gallatin County, Montana",122713
0500000US30049,"Lewis and Clark County, Montana",72223
0500000US30063,"Missoula County, Montana",119533
0500000US30111,"Yellowstone County, Montana",167146
0500000US31055,"Douglas County, Nebraska",585008
0500000US31109,"Lancaster County, Nebraska",324514
0500000US31153,"Sarpy County, Nebraska",193418
0500000US32003,"Clark County, Nevada",2292476
0500000US32031,"Washoe County, Nevada",493392
0500000US33005,"Cheshire County, New Hampshire",77329
0500000US33009,"Grafton County, New Hampshire",92201
0500000US33011,"Hillsborough County, New Hampshire",424079
0500000US33013,"Merrimack County, New Hampshire",155238
0500000US33015,"Rockingham County, New Hampshire",316947
0500000US33017,"Strafford County, New Hampshire",132416
0500000US34001,"Atlantic County, New Jersey",274966
0500000US34003,"Bergen County, New Jersey",953819
0500000US34005,"Burlington County, New Jersey",464269
0500000US34007,"Camden County, New Jersey",523771
0500000US34009,"Cape May County, New Jersey",95661
0500000US34011,"Cumberland County, New Jersey",153627
0500000US34013,"Essex County, New Jersey",854917
0500000US34015,"Gloucester County, New Jersey",304477
0500000US34017,"Hudson County, New Jersey",702463
0500000US34019,"Hunterdon County, New Jersey",129924
0500000US34021,"Mercer County, New Jersey",385898
0500000US34023,"Middlesex County, New Jersey",860807
0500000US34025,"Monmouth County, New Jersey",645354
0500000US34027,"Morris County, New Jersey",510981
0500000US34029,"Ocean County, New Jersey",648998
0500000US34031,"Passaic County, New Jersey",518117
0500000US34033,"Salem County, New Jersey",65046
0500000US34035,"Somerset County, New Jersey",345647
0500000US34037,"Sussex County, New Jersey",145543
0500000US34039,"Union County, New Jersey",572114
0500000US34041,"Warren County, New Jersey",110731
0500000US35001,"Bernalillo County, New Mexico",674393
0500000US35013,"Doña Ana County, New Mexico",221508
0500000US35025,"Lea County, New Mexico",73004
0500000US35031,"McKinley County, New Mexico",71780
0500000US35035,"Otero County, New Mexico",68537
0500000US35043,"Sandoval County, New Mexico",151369
0500000US35045,"San Juan County, New Mexico",120993
0500000US35049,"Santa Fe County, New Mexico",155201
0500000US35061,"Valencia County, New Mexico",77190
0500000US36001,"Albany County, New York",313743
0500000US36005,"Bronx County, New York",1424948
0500000US36007,"Broome County, New York",197240
0500000US36009,"Cattaraugus County, New York",76426
0500000US36011,"Cayuga County, New York",75880
0500000US36013,"Chautauqua County, New York",126807
0500000US36015,"Chemung County, New York",83045
0500000US36019,"Clinton County, New York",79596
0500000US36027,"Dutchess County, New York",297112
0500000US36029,"Erie County, New York",950683
0500000US36045,"Jefferson County, New York",116295
0500000US36047,"Kings County, New York",2641052
0500000US36053,"Madison County, New York",67658
0500000US36055,"Monroe County, New York",755160
0500000US36059,"Nassau County, New York",1390907
0500000US36061,"New York County, New York",1576876
0500000US36063,"Niagara County, New York",211653
0500000US36065,"Oneida County, New York",230274
0500000US36067,"Onondaga County, New York",473236
0500000US36069,"Ontario County, New York",112508
0500000US36071,"Orange County, New York",404525
0500000US36075,"Oswego County, New York",117387
0500000US36079,"Putnam County, New York",97936
0500000US36081,"Queens County, New York",2331143
0500000US36083,"Rensselaer County, New York",160232
0500000US36085,"Richmond County, New York",493494
0500000US36087,"Rockland County, New York",339227
0500000US36089,"St. Lawrence County, New York",108051
0500000US36091,"Saratoga County, New York",237359
0500000US36093,"Schenectady County, New York",158089
0500000US36101,"Steuben County, New York",92948
0500000US36103,"Suffolk County, New York",1526344
0500000US36105,"Sullivan County, New York",79806
0500000US36109,"Tompkins County, New York",105162
0500000US36111,"Ulster County, New York",182951
0500000US36113,"Warren County, New York",65618
0500000US36117,"Wayne County, New York",90923
0500000US36119,"Westchester County, New York",997895
0500000US37001,"Alamance County, North Carolina",173877
0500000US37019,"Brunswick County, North Carolina",144215
0500000US37021,"Buncombe County, North Carolina",271534
0500000US37023,"Burke County, North Carolina",87611
0500000US37025,"Cabarrus County, North Carolina",231278
0500000US37027,"Caldwell County, North Carolina",80463
0500000US37031,"Carteret County, North Carolina",68541
0500000US37035,"Catawba County, North Carolina",161723
0500000US37037,"Chatham County, North Carolina",77889
0500000US37045,"Cleveland County, North Carolina",100359
0500000US37049,"Craven County, North Carolina",100674
0500000US37051,"Cumberland County, North Carolina",335508
0500000US37057,"Davidson County, North Carolina",170637
0500000US37063,"Durham County, North Carolina",326126
0500000US37067,"Forsyth County, North Carolina",385523
0500000US37069,"Franklin County, North Carolina",71703
0500000US37071,"Gaston County, North Carolina",230856
0500000US37081,"Guilford County, North Carolina",542410
0500000US37085,"Harnett County, North Carolina",135966
0500000US37089,"Henderson County, North Carolina",116829
0500000US37097,"Iredell County, North Carolina",191968
0500000US37101,"Johnston County, North Carolina",226504
0500000US37109,"Lincoln County, North Carolina",89670
0500000US37119,"Mecklenburg County, North Carolina",1122276
0500000US37125,"Moore County, North Carolina",102763
0500000US37127,"Nash County, North Carolina",95176
0500000US37129,"New Hanover County, North Carolina",229018
0500000US37133,"Onslow County, North Carolina",206160
0500000US37135,"Orange County, North Carolina",148884
0500000US37147,"Pitt County, North Carolina",172169
0500000US37151,"Randolph County, North Carolina",145172
0500000US37155,"Robeson County, North Carolina",116328
0500000US37157,"Rockingham County, North Carolina",91266
0500000US37159,"Rowan County, North Carolina",148150
0500000US37171,"Surry County, North Carolina",71152
0500000US37179,"Union County, North Carolina",243648
0500000US37183,"Wake County, North Carolina",1150204
0500000US37191,"Wayne County, North Carolina",116835
0500000US37193,"Wilkes County, North Carolina",65806
0500000US37195,"Wilson County, North Carolina",78369
0500000US38015,"Burleigh County, North Dakota",98933
0500000US38017,"Cass County, North Dakota",186562
0500000US38035,"Grand Forks County, North Dakota",72705
0500000US38101,"Ward County, North Dakota",69071
0500000US39003,"Allen County, Ohio",101670
0500000US39007,"Ashtabula County, Ohio",97337
0500000US39013,"Belmont County, Ohio",65849
0500000US39017,"Butler County, Ohio",390234
0500000US39023,"Clark County, Ohio",135633
0500000US39025,"Clermont County, Ohio",209642
0500000US39029,"Columbiana County, Ohio",101310
0500000US39035,"Cuyahoga County, Ohio",1249387
0500000US39041,"Delaware County, Ohio",220740
0500000US39043,"Erie County, Ohio",74852
0500000US39045,"Fairfield County, Ohio",161064
0500000US39049,"Franklin County, Ohio",1321414
0500000US39055,"Geauga County, Ohio",95565
0500000US39057,"Greene County, Ohio",168412
0500000US39061,"Hamilton County, Ohio",826139
0500000US39063,"Hancock County, Ohio",74656
0500000US39085,"Lake County, Ohio",232023
0500000US39089,"Licking County, Ohio",180401
0500000US39093,"Lorain County, Ohio",315595
0500000US39095,"Lucas County, Ohio",429191
0500000US39099,"Mahoning County, Ohio",226762
0500000US39101,"Marion County, Ohio",65291
0500000US39103,"Medina County, Ohio",183092
0500000US39109,"Miami County, Ohio",109264
0500000US39113,"Montgomery County, Ohio",535840
0500000US39119,"Muskingum County, Ohio",86408
0500000US39133,"Portage County, Ohio",162382
0500000US39139,"Richland County, Ohio",125195
0500000US39141,"Ross County, Ohio",76891
0500000US39145,"Scioto County, Ohio",73346
0500000US39151,"Stark County, Ohio",373834
0500000US39153,"Summit County, Ohio",537633
0500000US39155,"Trumbull County, Ohio",201335
0500000US39157,"Tuscarawas County, Ohio",92500
0500000US39165,"Warren County, Ohio",246553
0500000US39169,"Wayne County, Ohio",116710
0500000US39173,"Wood County, Ohio",132472
0500000US40017,"Canadian County, Oklahoma",161737
0500000US40027,"Cleveland County, Oklahoma",297597
0500000US40031,"Comanche County, Oklahoma",122063
0500000US40037,"Creek County, Oklahoma",72029
0500000US40101,"Muskogee County, Oklahoma",66146
0500000US40109,"Oklahoma County, Oklahoma",798575
0500000US40119,"Payne County, Oklahoma",81989
0500000US40125,"Pottawatomie County, Oklahoma",73019
0500000US40131,"Rogers County, Oklahoma",96695
0500000US40143,"Tulsa County, Oklahoma",672858
0500000US40145,"Wagoner County, Oklahoma",84050
0500000US41003,"Benton County, Oregon",96017
0500000US41005,"Clackamas County, Oregon",422537
0500000US41017,"Deschutes County, Oregon",204801
0500000US41019,"Douglas County, Oregon",111978
0500000US41029,"Jackson County, Oregon",223734
0500000US41033,"Josephine County, Oregon",88346
0500000US41035,"Klamath County, Oregon",70164
0500000US41039,"Lane County, Oregon",383189
0500000US41043,"Linn County, Oregon",129839
0500000US41047,"Marion County, Oregon",347119
0500000US41051,"Multnomah County, Oregon",803377
0500000US41053,"Polk County, Oregon",89164
0500000US41059,"Umatilla County, Oregon",79988
0500000US41067,"Washington County, Oregon",600811
0500000US41071,"Yamhill County, Oregon",108239
0500000US42001,"Adams County, Pennsylvania",104127
0500000US42003,"Allegheny County, Pennsylvania",1238090
0500000US42005,"Armstrong County, Pennsylvania",65093
0500000US42007,"Beaver County, Pennsylvania",166624
0500000US42011,"Berks County, Pennsylvania",429342
0500000US42013,"Blair County, Pennsylvania",121767
0500000US42017,"Bucks County, Pennsylvania",646098
0500000US42019,"Butler County, Pennsylvania",194273
0500000US42021,"Cambria County, Pennsylvania",132167
0500000US42025,"Carbon County, Pennsylvania",65412
0500000US42027,"Centre County, Pennsylvania",157527
0500000US42029,"Chester County, Pennsylvania",538649
0500000US42033,"Clearfield County, Pennsylvania",80082
0500000US42039,"Crawford County, Pennsylvania",83351
0500000US42041,"Cumberland County, Pennsylvania",262919
0500000US42043,"Dauphin County, Pennsylvania",287400
0500000US42045,"Delaware County, Pennsylvania",573849
0500000US42049,"Erie County, Pennsylvania",269011
0500000US42051,"Fayette County, Pennsylvania",126931
0500000US42055,"Franklin County, Pennsylvania",156289
0500000US42063,"Indiana County, Pennsylvania",82886
0500000US42069,"Lackawanna County, Pennsylvania",215663
0500000US42071,"Lancaster County, Pennsylvania",553652
0500000US42073,"Lawrence County, Pennsylvania",85497
0500000US42075,"Lebanon County, Pennsylvania",143493
0500000US42077,"Lehigh County, Pennsylvania",375539
0500000US42079,"Luzerne County, Pennsylvania",326053
0500000US42081,"Lycoming County, Pennsylvania",113605
0500000US42085,"Mercer County, Pennsylvania",109972
0500000US42089,"Monroe County, Pennsylvania",169273
0500000US42091,"Montgomery County, Pennsylvania",860578
0500000US42095,"Northampton County, Pennsylvania",313628
0500000US42097,"Northumberland County, Pennsylvania",91266
0500000US42101,"Philadelphia County, Pennsylvania",1576251
0500000US42107,"Schuylkill County, Pennsylvania",143264
0500000US42111,"Somerset County, Pennsylvania",73627
0500000US42125,"Washington County, Pennsylvania",209470
0500000US42129,"Westmoreland County, Pennsylvania",353057
0500000US42133,"York County, Pennsylvania",458696
0500000US44003,"Kent County, Rhode Island",170715
0500000US44005,"Newport County, Rhode Island",85264
0500000US44007,"Providence County, Rhode Island",658221
0500000US44009,"Washington County, Rhode Island",130592
0500000US45003,"Aiken County, South Carolina",170776
0500000US45007,"Anderson County, South Carolina",206908
0500000US45013,"Beaufort County, South Carolina",191748
0500000US45015,"Berkeley County, South Carolina",236701
0500000US45019,"Charleston County, South Carolina",413024
0500000US45035,"Dorchester County, South Carolina",163327
0500000US45041,"Florence County, South Carolina",136504
0500000US45045,"Greenville County, South Carolina",533834
0500000US45047,"Greenwood County, South Carolina",69241
0500000US45051,"Horry County, South Carolina",365579
0500000US45055,"Kershaw County, South Carolina",66130
0500000US45057,"Lancaster County, South Carolina",100336
0500000US45059,"Laurens County, South Carolina",67803
0500000US45063,"Lexington County, South Carolina",300137
0500000US45073,"Oconee County, South Carolina",79203
0500000US45075,"Orangeburg County, South Carolina",82962
0500000US45077,"Pickens County, South Carolina",132229
0500000US45079,"Richland County, South Carolina",418307
0500000US45083,"Spartanburg County, South Carolina",335864
0500000US45085,"Sumter County, South Carolina",104758
0500000US45091,"York County, South Carolina",288595
0500000US46083,"Lincoln County, South Dakota",67870
0500000US46099,"Minnehaha County, South Dakota",199685
0500000US46103,"Pennington County, South Dakota",111806
0500000US47001,"Anderson County, Tennessee",77576
0500000US47009,"Blount County, Tennessee",137605
0500000US47011,"Bradley County, Tennessee",110162
0500000US47037,"Davidson County, Tennessee",703953
0500000US47059,"Greene County, Tennessee",70621
0500000US47065,"Hamilton County, Tennessee",369135
0500000US47093,"Knox County, Tennessee",486677
0500000US47113,"Madison County, Tennessee",98775
0500000US47119,"Maury County, Tennessee",104760
0500000US47125,"Montgomery County, Tennessee",227900
0500000US47141,"Putnam County, Tennessee",81188
0500000US47147,"Robertson County, Tennessee",74098
0500000US47149,"Rutherford County, Tennessee",352182
0500000US47155,"Sevier County, Tennessee",99517
0500000US47157,"Shelby County, Tennessee",924454
0500000US47163,"Sullivan County, Tennessee",159265
0500000US47165,"Sumner County, Tennessee",200557
0500000US47179,"Washington County, Tennessee",134236
0500000US47187,"Williamson County, Tennessee",255735
0500000US47189,"Wilson County, Tennessee",151917
0500000US48005,"Angelina County, Texas",86506
0500000US48021,"Bastrop County, Texas",102058
0500000US48027,"Bell County, Texas",379617
0500000US48029,"Bexar County, Texas",2028236
0500000US48037,"Bowie County, Texas",92581
0500000US48039,"Brazoria County, Texas",379689
0500000US48041,"Brazos County, Texas",237032
0500000US48061,"Cameron County, Texas",423029
0500000US48085,"Collin County, Texas",1109462
0500000US48091,"Comal County, Texas",174986
0500000US48099,"Coryell County, Texas",84232
0500000US48113,"Dallas County, Texas",2586050
0500000US48121,"Denton County, Texas",941647
0500000US48135,"Ector County, Texas",161091
0500000US48139,"Ellis County, Texas",202678
0500000US48141,"El Paso County, Texas",867947
0500000US48157,"Fort Bend County, Texas",858527
0500000US48167,"Galveston County, Texas",355062
0500000US48181,"Grayson County, Texas",139336
0500000US48183,"Gregg County, Texas",124201
0500000US48187,"Guadalupe County, Texas",177036
0500000US48201,"Harris County, Texas",4728030
0500000US48203,"Harrison County, Texas",69150
0500000US48209,"Hays County, Texas",255397
0500000US48213,"Henderson County, Texas",83667
0500000US48215,"Hidalgo County, Texas",880356
0500000US48231,"Hunt County, Texas",103394
0500000US48245,"Jefferson County, Texas",253704
0500000US48251,"Johnson County, Texas",187280
0500000US48257,"Kaufman County, Texas",157768
0500000US48291,"Liberty County, Texas",97621
0500000US48303,"Lubbock County, Texas",314451
0500000US48309,"McLennan County, Texas",263115
0500000US48329,"Midland County, Texas",167969
0500000US48339,"Montgomery County, Texas",648886
0500000US48355,"Nueces County, Texas",353079
0500000US48361,"Orange County, Texas",84742
0500000US48367,"Parker County, Texas",156764
0500000US48375,"Potter County, Texas",116547
0500000US48381,"Randall County, Texas",143854
0500000US48397,"Rockwall County, Texas",116381
0500000US48409,"San Patricio County, Texas",69699
0500000US48423,"Smith County, Texas",237186
0500000US48427,"Starr County, Texas",66049
0500000US48439,"Tarrant County, Texas",2126477
0500000US48441,"Taylor County, Texas",143326
0500000US48451,"Tom Green County, Texas",119411
0500000US48453,"Travis County, Texas",1305154
0500000US48469,"Victoria County, Texas",90964
0500000US48471,"Walker County, Texas",77977
0500000US48479,"Webb County, Texas",267945
0500000US48485,"Wichita County, Texas",130069
0500000US48491,"Williamson County, Texas",643026
0500000US48497,"Wise County, Texas",71714
0500000US49005,"Cache County, Utah",137417
0500000US49011,"Davis County, Utah",367285
0500000US49035,"Salt Lake County, Utah",1186421
0500000US49045,"Tooele County, Utah",76640
0500000US49049,"Utah County, Utah",684986
0500000US49053,"Washington County, Utah",191226
0500000US49057,"Weber County, Utah",267066
0500000US50007,"Chittenden County, Vermont",168865
0500000US51003,"Albemarle County, Virginia",113535
0500000US51013,"Arlington County, Virginia",232965
0500000US51015,"Augusta County, Virginia",77563
0500000US51019,"Bedford County, Virginia",80131
0500000US51041,"Chesterfield County, Virginia",370688
0500000US51059,"Fairfax County, Virginia",1139720
0500000US51061,"Fauquier County, Virginia",73815
0500000US51069,"Frederick County, Virginia",93717
0500000US51085,"Hanover County, Virginia",111603
0500000US51087,"Henrico County, Virginia",333554
0500000US51095,"James City County, Virginia",79882
0500000US51107,"Loudoun County, Virginia",427592
0500000US51121,"Montgomery County, Virginia",98473
0500000US51153,"Prince William County, Virginia",484472
0500000US51161,"Roanoke County, Virginia",96589
0500000US51165,"Rockingham County, Virginia",84394
0500000US51177,"Spotsylvania County, Virginia",143676
0500000US51179,"Stafford County, Virginia",160877
0500000US51199,"York County, Virginia",70915
0500000US51510,"Alexandria city, Virginia",154706
0500000US51550,"Chesapeake city, Virginia",251269
0500000US51650,"Hampton city, Virginia",137746
0500000US51680,"Lynchburg city, Virginia",79009
0500000US51700,"Newport News city, Virginia",184587
0500000US51710,"Norfolk city, Virginia",235089
0500000US51740,"Portsmouth city, Virginia",97840
0500000US51760,"Richmond city, Virginia",226604
0500000US51770,"Roanoke city, Virginia",98865
0500000US51800,"Suffolk city, Virginia",96194
0500000US51810,"Virginia Beach city, Virginia",457672
0500000US53005,"Benton County, Washington",210025
0500000US53007,"Chelan County, Washington",79646
0500000US53009,"Clallam County, Washington",78209
0500000US53011,"Clark County, Washington",511404
0500000US53015,"Cowlitz County, Washington",111524
0500000US53021,"Franklin County, Washington",98268
0500000US53025,"Grant County, Washington",100297
0500000US53027,"Grays Harbor County, Washington",76841
0500000US53029,"Island County, Washington",87432
0500000US53033,"King County, Washington",2252305
0500000US53035,"Kitsap County, Washington",274314
0500000US53041,"Lewis County, Washington",84398
0500000US53045,"Mason County, Washington",67615
0500000US53053,"Pierce County, Washington",925708
0500000US53057,"Skagit County, Washington",130696
0500000US53061,"Snohomish County, Washington",833540
0500000US53063,"Spokane County, Washington",546040
0500000US53067,"Thurston County, Washington",297977
0500000US53073,"Whatcom County, Washington",228831
0500000US53077,"Yakima County, Washington",256035
0500000US54003,"Berkeley County, West Virginia",126069
0500000US54011,"Cabell County, West Virginia",93418
0500000US54033,"Harrison County, West Virginia",65158
0500000US54039,"Kanawha County, West Virginia",177952
0500000US54061,"Monongalia County, West Virginia",106387
0500000US54081,"Raleigh County, West Virginia",73771
0500000US54107,"Wood County, West Virginia",83624
0500000US55009,"Brown County, Wisconsin",269591
0500000US55017,"Chippewa County, Wisconsin",66865
0500000US55025,"Dane County, Wisconsin",563951
0500000US55027,"Dodge County, Wisconsin",89313
0500000US55035,"Eau Claire County, Wisconsin",106452
0500000US55039,"Fond du Lac County, Wisconsin",104362
0500000US55055,"Jefferson County, Wisconsin",84943
0500000US55059,"Kenosha County, Wisconsin",168732
0500000US55063,"La Crosse County, Wisconsin",120433
0500000US55071,"Manitowoc County, Wisconsin",81505
0500000US55073,"Marathon County, Wisconsin",137648
0500000US55079,"Milwaukee County, Wisconsin",928059
0500000US55087,"Outagamie County, Wisconsin",191545
0500000US55089,"Ozaukee County, Wisconsin",92497
0500000US55097,"Portage County, Wisconsin",70468
0500000US55101,"Racine County, Wisconsin",196896
0500000US55105,"Rock County, Wisconsin",164381
0500000US55109,"St. Croix County, Wisconsin",95044
0500000US55111,"Sauk County, Wisconsin",65697
0500000US55117,"Sheboygan County, Wisconsin",117747
0500000US55127,"Walworth County, Wisconsin",106799
0500000US55131,"Washington County, Wisconsin",137175
0500000US55133,"Waukesha County, Wisconsin",408756
0500000US55139,"Winnebago County, Wisconsin",171623
0500000US55141,"Wood County, Wisconsin",74070
0500000US56021,"Laramie County, Wyoming",100863
0500000US56025,"Natrona County, Wyoming",79555
0500000US72013,"Arecibo Municipio, Puerto Rico",87053
0500000US72021,"Bayamón Municipio, Puerto Rico",182673
0500000US72025,"Caguas Municipio, Puerto Rico",126756
0500000US72031,"Carolina Municipio, Puerto Rico",152993
0500000US72061,"Guaynabo Municipio, Puerto Rico",89195
0500000US72097,"Mayagüez Municipio, Puerto Rico",71939
0500000US72113,"Ponce Municipio, Puerto Rico",135084
0500000US72127,"San Juan Municipio, Puerto Rico",337300
0500000US72135,"Toa Alta Municipio, Puerto Rico",67569
0500000US72137,"Toa Baja Municipio, Puerto Rico",74368
0500000US72139,"Trujillo Alto Municipio, Puerto Rico",67211